{
  "arms": {
    "state_only": {
      "mean_final_distance": 0.5587374217187365,
      "mean_first_action_mse": 0.001989126642001793,
      "mean_reward": -10.267960443006208,
      "mean_steps": 23.25,
      "success_rate": 0.041666666666666664
    }
  },
  "claim_allowed": false,
  "final_loss": 0.004966049455106258,
  "observational": false
}
