{
  "arms": {
    "control": {
      "mean_final_distance": 0.44722694531083107,
      "mean_first_action_mse": 0.04629435408181356,
      "mean_reward": -17.714498227462173,
      "mean_steps": 38.375,
      "success_rate": 0.041666666666666664
    },
    "counterfactual": {
      "mean_final_distance": 0.5106600318104029,
      "mean_first_action_mse": 0.0669869914757631,
      "mean_reward": -20.22321612822513,
      "mean_steps": 40.0,
      "success_rate": 0.0
    },
    "mask": {
      "mean_final_distance": 0.431236807256937,
      "mean_first_action_mse": 0.02458664955823527,
      "mean_reward": -16.971643160718184,
      "mean_steps": 40.0,
      "success_rate": 0.0
    },
    "shuffle": {
      "mean_final_distance": 0.287020826091369,
      "mean_first_action_mse": 0.034374898767661456,
      "mean_reward": -11.19071223291879,
      "mean_steps": 33.958333333333336,
      "success_rate": 0.16666666666666666
    }
  },
  "claim_allowed": false,
  "final_loss": 0.0011047989828512073,
  "observational": false
}
