{
  "arms": {
    "control": {
      "mean_final_distance": 0.4202822844963521,
      "mean_first_action_mse": 0.04855270955401162,
      "mean_reward": -16.664175891395036,
      "mean_steps": 38.375,
      "success_rate": 0.041666666666666664
    },
    "counterfactual": {
      "mean_final_distance": 0.4737458781649669,
      "mean_first_action_mse": 0.06468149231902014,
      "mean_reward": -18.77148685231805,
      "mean_steps": 40.0,
      "success_rate": 0.0
    },
    "mask": {
      "mean_final_distance": 0.3473077031473319,
      "mean_first_action_mse": 0.02191596303600818,
      "mean_reward": -13.89046972244978,
      "mean_steps": 40.0,
      "success_rate": 0.0
    },
    "shuffle": {
      "mean_final_distance": 0.3456802692671772,
      "mean_first_action_mse": 0.042112628881416946,
      "mean_reward": -13.579298647285517,
      "mean_steps": 33.666666666666664,
      "success_rate": 0.16666666666666666
    }
  },
  "claim_allowed": false,
  "final_loss": 0.0011871407041326165,
  "observational": false
}
