{
  "arms": {
    "state_only": {
      "mean_final_distance": 0.4055110054711501,
      "mean_first_action_mse": 0.001401594153624804,
      "mean_reward": -8.306895282585174,
      "mean_steps": 24.0,
      "success_rate": 0.0
    }
  },
  "claim_allowed": false,
  "final_loss": 0.002886060858145356,
  "observational": false
}
