{
  "arms": {
    "control": {
      "mean_final_distance": 0.321744996161821,
      "mean_first_action_mse": 0.0013116148867690451,
      "mean_reward": -7.746756132575683,
      "mean_steps": 22.375,
      "success_rate": 0.08333333333333333
    },
    "occlusion": {
      "mean_final_distance": 0.29120164504274726,
      "mean_first_action_mse": 0.0017855406154012599,
      "mean_reward": -7.447197401740898,
      "mean_steps": 20.875,
      "success_rate": 0.16666666666666666
    },
    "shuffle": {
      "mean_final_distance": 0.3107394349838917,
      "mean_first_action_mse": 0.001320404683004502,
      "mean_reward": -7.5320695753907785,
      "mean_steps": 21.583333333333332,
      "success_rate": 0.125
    }
  },
  "claim_allowed": false,
  "final_loss": 0.003429562784731388,
  "observational": false
}
