{
  "arms": {
    "state_only": {
      "mean_final_distance": 0.5057864425083002,
      "mean_first_action_mse": 0.0010950589088073077,
      "mean_reward": -9.556980043804893,
      "mean_steps": 24.0,
      "success_rate": 0.0
    }
  },
  "claim_allowed": false,
  "final_loss": 0.0037006125785410404,
  "observational": false
}
