{
  "arms": {
    "control": {
      "mean_final_distance": 0.4179948474435757,
      "mean_first_action_mse": 0.038215292520665876,
      "mean_reward": -16.543434478885803,
      "mean_steps": 38.375,
      "success_rate": 0.041666666666666664
    },
    "counterfactual": {
      "mean_final_distance": 0.5109304071714481,
      "mean_first_action_mse": 0.05833992991635265,
      "mean_reward": -20.263610469177365,
      "mean_steps": 40.0,
      "success_rate": 0.0
    },
    "mask": {
      "mean_final_distance": 0.33956129165987176,
      "mean_first_action_mse": 0.021501466690097004,
      "mean_reward": -13.556448299437761,
      "mean_steps": 40.0,
      "success_rate": 0.0
    },
    "shuffle": {
      "mean_final_distance": 0.3010036924776311,
      "mean_first_action_mse": 0.03097803239506902,
      "mean_reward": -11.856769083805071,
      "mean_steps": 33.75,
      "success_rate": 0.16666666666666666
    }
  },
  "claim_allowed": false,
  "final_loss": 0.0011684732744470239,
  "observational": false
}
